﻿pos_x,pos_y,rotation,side,designator,mpn,pack,value,mount_type,place
134.56,-74.62,90.0,top,C1,,C_0805_2012Metric,0.1uF,smt,True
172.72,-64.42,-90.0,top,C10,,C_0805_2012Metric,10uF,smt,True
64.11,-96.58,90.0,top,C11,,C_0603_1608Metric,100nF,smt,True
58.02,-96.6,-90.0,top,C12,,C_0603_1608Metric,10nF,smt,True
59.57,-96.6,-90.0,top,C13,,C_0603_1608Metric,100nF,smt,True
62.58,-96.6,-90.0,top,C14,,C_0603_1608Metric,4u7F,smt,True
65.8996,-88.58493,0.0,top,C15,,C_0603_1608Metric,1uF,smt,True
65.8746,-90.04493,0.0,top,C16,,C_0603_1608Metric,1uF,smt,True
92.9975,-82.9375,0.0,top,C17,,C_1210_3225Metric,100uF 10V,smt,True
86.2575,-83.0275,180.0,top,C18,,C_1210_3225Metric,100uF 10V,smt,True
65.94,-92.34,0.0,top,C19,,C_0603_1608Metric,100nF,smt,True
115.97,-59.91,90.0,top,C2,,CP_Elec_6.3x7.7,47uF/16V,smt,True
70.57,-85.45,90.0,top,C20,,C_0603_1608Metric,10nF,smt,True
102.09,-59.47,-90.0,top,C21,,C_0805_2012Metric,10uF 25V,smt,True
69.08,-71.52,90.0,bottom,C22,,C_0603_1608Metric,10nF,smt,True
66.08,-71.52,90.0,bottom,C23,,C_0603_1608Metric,10nF,smt,True
114.49,-77.68,-90.0,top,C24,,CP_Elec_6.3x7.7,100uF,smt,True
120.53,-59.85,90.0,top,C25,,C_0603_1608Metric,100nF,smt,True
122.1,-59.85,90.0,top,C26,,C_0603_1608Metric,10nF,smt,True
131.69,-55.16,90.0,top,C27,,CP_Elec_6.3x7.7,220uF,smt,True
122.15,-88.11,-90.0,top,C28,,CP_Elec_6.3x7.7,220uF,smt,True
119.75,-68.36,90.0,top,C29,,C_0603_1608Metric,100nF,smt,True
134.5775,-78.10875,-90.0,top,C3,,C_0805_2012Metric,0.1uF,smt,True
121.34,-68.36,90.0,top,C30,,C_0603_1608Metric,10nF,smt,True
131.43,-61.61,90.0,top,C31,,C_0603_1608Metric,120pF,smt,True
67.58,-71.55,90.0,bottom,C32,,C_0603_1608Metric,10nF,smt,True
77.3675,-76.275,180.0,top,C38,,C_0603_1608Metric,100nF,smt,True
77.3625,-77.755,180.0,top,C39,,C_0603_1608Metric,10nF,smt,True
142.28,-80.93,0.0,top,C4,,CP_Elec_6.3x7.7,47uF/16V,smt,True
77.3875,-73.245,180.0,top,C40,,C_0603_1608Metric,100nF,smt,True
88.2425,-76.365,0.0,top,C41,,C_0603_1608Metric,10nF,smt,True
77.3875,-74.725,180.0,top,C42,,C_0603_1608Metric,1uF,smt,True
77.3375,-79.365,180.0,top,C43,,C_0603_1608Metric,1uF,smt,True
88.2425,-73.775,0.0,top,C44,,C_0603_1608Metric,100nF,smt,True
70.3496,-88.65493,0.0,top,C45,,C_1210_3225Metric,100uF 10V,smt,True
70.2896,-91.93493,0.0,top,C46,,C_1210_3225Metric,100uF 10V,smt,True
104.22,-59.45,-90.0,top,C47,,C_0805_2012Metric,10uF 25V,smt,True
111.3,-62.62,90.0,top,C48,,C_0603_1608Metric,0.1uF,smt,True
103.01,-53.69,0.0,top,C49,,C_0805_2012Metric,22uF 25V,smt,True
159.32,-81.01,180.0,top,C5,,CP_Elec_6.3x7.7,47uF/16V,smt,True
109.69,-55.96,90.0,top,C50,,C_0603_1608Metric,0.1uF,smt,True
107.31,-55.19,0.0,top,C51,,C_0603_1608Metric,0.1uF 50V,smt,True
103.02,-51.47,0.0,top,C52,,C_0805_2012Metric,22uF 25V,smt,True
103.01,-55.82,0.0,top,C53,,C_0805_2012Metric,22uF 25V,smt,True
51.32,-96.93,0.0,top,C54,,C_1210_3225Metric,10uF,smt,True
54.67,-86.42,90.0,top,C55,,C_1210_3225Metric,22uF,smt,True
172.505,-60.795,90.0,top,C6,,C_0805_2012Metric,10uF,smt,True
178.18,-81.055,180.0,top,C7,,CP_Elec_6.3x7.7,47uF/16V,smt,True
64.6504,-85.58507,90.0,top,C8,,C_0603_1608Metric,100nF,smt,True
56.405,-93.58,0.0,top,C9,,C_0603_1608Metric,100nF,smt,True
115.97,-95.81,-90.0,top,D1,,LED_0805_2012Metric,LED,smt,True
131.91,-67.94,0.0,top,D2,,D_SMA,STPS2150A,smt,True
119.17,-95.79,-90.0,top,D3,,LED_0805_2012Metric,LED,smt,True
122.61,-95.8175,-90.0,top,D4,,LED_0805_2012Metric,LED,smt,True
114.33,-66.81,180.0,top,D5,,D_SMA,D,smt,True
111.46,-71.32,90.0,top,D6,,D_SOD-123,D,smt,True
97.7,-49.845,-90.0,top,F2,,Fuse_0805_2012Metric,Polyfuse,smt,True
190.12,-83.41,-90.0,top,FID1,,Fiducial_1mm_Mask2mm,"FIDUCIAL""""",smt,True
47.49,-96.93,0.0,top,FID2,,Fiducial_1mm_Mask2mm,"FIDUCIAL""""",smt,True
135.04,-46.15,0.0,top,FID3,,Fiducial_1mm_Mask2mm,"FIDUCIAL""""",smt,True
188.565,-96.2375,180.0,top,H1,,MountingHole_2.5mm,MountingHole,tht,True
188.565,-47.2375,180.0,top,H2,,MountingHole_2.5mm,MountingHole,tht,True
130.565,-96.2375,180.0,top,H3,,MountingHole_2.5mm,MountingHole,tht,True
130.565,-47.2375,180.0,top,H4,,MountingHole_2.5mm,MountingHole,tht,True
101.765,-96.2375,180.0,top,H5,,MountingHole_2.5mm,MountingHole,tht,True
101.765,-47.2275,180.0,top,H6,,MountingHole_2.5mm,MountingHole,tht,True
178.505,-72.595,90.0,top,IC1,,SSOP-24_5.3x8.2mm_P0.65mm,TB6612FNG,smt,True
159.1325,-72.49,90.0,top,IC2,,SSOP-24_5.3x8.2mm_P0.65mm,TB6612FNG,smt,True
178.465,-50.0,-90.0,top,IC3,,SSOP-24_5.3x8.2mm_P0.65mm,TB6612FNG,smt,True
159.1325,-50.0,-90.0,top,IC4,,SSOP-24_5.3x8.2mm_P0.65mm,TB6612FNG,smt,True
141.1,-72.49,90.0,top,IC5,,SSOP-24_5.3x8.2mm_P0.65mm,TB6612FNG,smt,True
141.1,-50.0,-90.0,top,IC6,,SSOP-24_5.3x8.2mm_P0.65mm,TB6612FNG,smt,True
61.2096,-90.34493,90.0,top,IC7,,QFN-32-1EP_5x5mm_P0.5mm_EP3.6x3.6mm_ThermalVias,SGTL5000,smt,True
109.625,-85.31,-90.0,top,J1,,CUI_PJ-037A,PJ-037A,tht,True
150.07,-61.76,90.0,top,J10,,JST_XH_B2B-XH-A_1x02_P2.50mm_Vertical,Conn_01x02_Pin,tht,True
71.97,-96.74,-90.0,top,J11,,PinHeader_1x03_P2.54mm_Vertical,Conn_01x03_Male,tht,True
167.705,-53.87,90.0,top,J12,,JST_XH_B2B-XH-A_1x02_P2.50mm_Vertical,Conn_01x02_Pin,tht,True
167.575,-62.32,90.0,top,J13,,JST_XH_B2B-XH-A_1x02_P2.50mm_Vertical,Conn_01x02_Pin,tht,True
149.639375,-87.63,0.0,top,J14,,JST_XH_B2B-XH-A_1x02_P2.50mm_Vertical,Conn_01x02_Pin,tht,True
158.32625,-87.63,0.0,top,J15,,JST_XH_B2B-XH-A_1x02_P2.50mm_Vertical,Conn_01x02_Pin,tht,True
167.013125,-87.63,0.0,top,J16,,JST_XH_B2B-XH-A_1x02_P2.50mm_Vertical,Conn_01x02_Pin,tht,True
175.7,-87.63,0.0,top,J17,,JST_XH_B2B-XH-A_1x02_P2.50mm_Vertical,Conn_01x02_Pin,tht,True
184.338093,-87.63,0.0,top,J18,,JST_XH_B2B-XH-A_1x02_P2.50mm_Vertical,Conn_01x02_Pin,tht,True
153.99625,-95.15,0.0,top,J19,,JST_XH_B2B-XH-A_1x02_P2.50mm_Vertical,Conn_01x02_Pin,tht,True
142.56625,-95.095,0.0,top,J2,,JST_XH_B3B-XH-A_1x03_P2.50mm_Vertical,Conn_01x03_Socket,tht,True
162.683125,-95.15,0.0,top,J20,,JST_XH_B2B-XH-A_1x02_P2.50mm_Vertical,Conn_01x02_Pin,tht,True
171.37,-95.15,0.0,top,J21,,JST_XH_B2B-XH-A_1x02_P2.50mm_Vertical,Conn_01x02_Pin,tht,True
180.07,-95.15,0.0,top,J22,,JST_XH_B2B-XH-A_1x02_P2.50mm_Vertical,Conn_01x02_Pin,tht,True
115.925,-53.27,90.0,top,J23,,PinHeader_1x02_P2.54mm_Vertical,Conn_01x02_Pin,tht,True
93.62,-48.875,180.0,top,J24,,JST_XH_B3B-XH-A_1x03_P2.50mm_Vertical,Conn_01x03_Socket,tht,True
98.815,-80.865,0.0,top,J25,,PinHeader_2x05_P2.54mm_Vertical,Conn_02x05_Odd_Even,tht,True
74.005,-53.1,180.0,top,J26,,microSD_HC_Hirose_DM3AT-SF-PEJM5,Micro_SD_Card_Det,smt,True
125.39,-46.57,0.0,top,J27,,PinHeader_1x03_P2.54mm_Vertical,Conn_01x03_Male,tht,True
150.13,-53.24,90.0,top,J28,,JST_XH_B2B-XH-A_1x02_P2.50mm_Vertical,Conn_01x02_Pin,tht,True
76.72,-86.115,0.0,top,J29,,JST_XH_B2B-XH-A_1x02_P2.50mm_Vertical,Conn_01x02_Pin,tht,True
187.51,-56.42,90.0,top,J3,,JST_XH_B2B-XH-A_1x02_P2.50mm_Vertical,Conn_01x02_Pin,tht,True
76.72,-93.575,0.0,top,J30,,JST_XH_B2B-XH-A_1x02_P2.50mm_Vertical,Conn_01x02_Pin,tht,True
93.13,-56.725,180.0,top,J31,,PinHeader_1x02_P2.54mm_Vertical,Conn_01x02_Pin,tht,True
97.34,-54.2,0.0,top,J32,,PinHeader_1x03_P2.54mm_Vertical,Conn_01x03_Male,tht,True
87.45,-54.13,0.0,top,J33,,PinHeader_1x02_P2.54mm_Vertical,Conn_01x02_Pin,tht,True
49.76,-52.88,-90.0,top,J34,,USB_C_Receptacle_G-Switch_GT-USB-7010ASV,USB_C_Receptacle,smt,True
187.58,-78.8575,90.0,top,J4,,JST_XH_B4B-XH-A_1x04_P2.50mm_Vertical,Conn_01x04_Pin,tht,True
187.575,-65.18,90.0,top,J5,,JST_XH_B2B-XH-A_1x02_P2.50mm_Vertical,Conn_01x02_Pin,tht,True
167.53,-79.39,90.0,top,J6,,JST_XH_B2B-XH-A_1x02_P2.50mm_Vertical,Conn_01x02_Pin,tht,True
167.65,-70.76,90.0,top,J7,,JST_XH_B2B-XH-A_1x02_P2.50mm_Vertical,Conn_01x02_Pin,tht,True
149.94,-79.21,90.0,top,J8,,JST_XH_B2B-XH-A_1x02_P2.50mm_Vertical,Conn_01x02_Pin,tht,True
150.0,-70.41,90.0,top,J9,,JST_XH_B2B-XH-A_1x02_P2.50mm_Vertical,Conn_01x02_Pin,tht,True
55.47,-97.32,0.0,top,L1,,L_0805_2012Metric,15uH,smt,True
126.0,-76.62,0.0,top,L2,,L_12x12mm_H4.5mm,220uH,smt,True
108.58,-50.89,90.0,top,L3,,L_Coilcraft_XAL6060-XXX,2.2uH 6x6,smt,True
77.3125,-81.06,180.0,top,L4,,L_0805_2012Metric,15uH,smt,True
95.72,-98.95,180.0,top,LINEOUT1,,StereoJack_3.5mm_Switch_Cliff_JY039-5P_Horizontal,Phonejack_Stereo_SW,tht,True
53.24,-61.06,0.0,top,Q1,,SOT-23,FDN340P,smt,True
106.03,-73.94,-90.0,top,Q12,,TO-252-3_TabPin2,PMOS,smt,True
47.65,-62.18,0.0,top,Q2,,SOT-23,FDN337N,smt,True
118.72,-47.88,0.0,top,Q3,,TO-252-3_TabPin2,N0400P-ZK-E1-AY,smt,True
90.205,-55.0,90.0,top,R1,,R_0603_1608Metric,6.8k,smt,True
47.31,-59.58,180.0,top,R10,,R_0603_1608Metric,10k,smt,True
63.225,-46.335,180.0,top,R11,,R_0603_1608Metric,348k,smt,True
60.145,-46.335,180.0,top,R12,,R_0603_1608Metric,649k,smt,True
118.92,-92.96,0.0,top,R13,,R_0603_1608Metric,1K,smt,True
74.015,-69.31,0.0,top,R14,,R_0603_1608Metric,22k,smt,True
124.47,-93.39,-90.0,top,R15,,R_0603_1608Metric,1K,smt,True
68.93,-85.445,90.0,top,R16,,R_0603_1608Metric,10k,smt,True
66.06,-74.52,-90.0,bottom,R17,,R_0603_1608Metric,10k,smt,True
67.58,-74.525,-90.0,bottom,R18,,R_0603_1608Metric,10k,smt,True
69.07,-74.53,-90.0,bottom,R19,,R_0603_1608Metric,10k,smt,True
111.33,-56.37,-90.0,top,R2,,R_0603_1608Metric,22k,smt,True
130.36,-84.76,0.0,top,R20,,R_0603_1608Metric,120R,smt,True
130.34,-86.43,0.0,top,R21,,R_0603_1608Metric,120R,smt,True
130.31,-88.22,0.0,top,R22,,R_0603_1608Metric,120R,smt,True
55.4496,-91.48493,0.0,top,R23,,R_0603_1608Metric,2k2,smt,True
55.4596,-90.01493,0.0,top,R24,,R_0603_1608Metric,2k2,smt,True
53.12,-46.57,0.0,top,R25,,R_0603_1608Metric,1M,smt,True
56.26,-50.94,180.0,top,R26,,R_0603_1608Metric,5.1k,smt,True
56.32,-54.68,180.0,top,R27,,R_0603_1608Metric,5.1k,smt,True
56.18,-78.565,-90.0,bottom,R28,,R_0603_1608Metric,10k,smt,True
61.07,-94.98,90.0,top,R29,,R_0603_1608Metric,0R,smt,True
111.33,-59.44,-90.0,top,R3,,R_0603_1608Metric,3k,smt,True
121.4,-63.81,90.0,top,R30,,R_1210_3225Metric,0R33,smt,True
126.62,-66.9,180.0,top,R31,,R_0603_1608Metric,6k2,smt,True
123.61,-66.9,180.0,top,R32,,R_0603_1608Metric,3k9,smt,True
70.82,-58.205,-90.0,bottom,R33,,R_0603_1608Metric,22k,smt,True
72.28,-58.205,-90.0,bottom,R34,,R_0603_1608Metric,22k,smt,True
77.54,-58.385,-90.0,bottom,R35,,R_0603_1608Metric,22k,smt,True
79.01,-58.365,-90.0,bottom,R36,,R_0603_1608Metric,22k,smt,True
82.65,-52.355,90.0,top,R37,,R_0603_1608Metric,22k,smt,True
73.75,-58.21,-90.0,bottom,R38,,R_0603_1608Metric,22k,smt,True
90.33,-59.56,180.0,top,R4,,R_0603_1608Metric,13k,smt,True
125.38,-54.33,0.0,top,R45,,R_0603_1608Metric,1k,smt,True
93.73,-59.53,180.0,top,R5,,R_0603_1608Metric,6.8k,smt,True
140.06,-86.6,-90.0,top,R6,,R_0603_1608Metric,R,smt,True
115.95,-92.38,-90.0,top,R7,,R_0603_1608Metric,1K,smt,True
109.69,-59.03,-90.0,top,R8,,R_0603_1608Metric,100k,smt,True
50.46,-62.01,-90.0,top,R9,,R_0603_1608Metric,10k,smt,True
95.72,-69.44,90.0,top,SW1,,SW_PUSH_6mm,SW_Push_Dual,tht,True
87.96,-69.44,90.0,top,SW2,,SW_PUSH_6mm,SW_Push_Dual,tht,True
144.07,-90.45,0.0,top,U1,,SOT-23-6,SN74LVC1T45DBV,smt,True
49.48,-88.36,90.0,top,U10,,TO-252-2,AZ1084-1.8,smt,True
63.235,-56.705,-90.0,top,U11,,SOT-23-6,USBLC6-4SC6,smt,True
63.7275,-49.545,0.0,top,U12,,SOT-23-5,STMPS2151STR,smt,True
178.945,-60.9425,-90.0,top,U2,,TSSOP-28_4.4x9.7mm_P0.65mm,PCA9685,smt,True
159.615,-60.9425,-90.0,top,U3,,TSSOP-28_4.4x9.7mm_P0.65mm,PCA9685,smt,True
141.5475,-60.9425,-90.0,top,U4,,TSSOP-28_4.4x9.7mm_P0.65mm,PCA9685,smt,True
135.77,-88.63,0.0,top,U5,,SSOP-24_3.9x8.7mm_P0.635mm,FM6124,smt,True
58.2896,-73.77493,90.0,top,U6,,XCVR_ESP32-S3-WROOM-1-N16R2,ESP32-S3-WROOM-1-N16R2,smt,True
126.71,-62.97,180.0,top,U7,,SOIC-8_3.9x4.9mm_P1.27mm,MC33063ADR,smt,True
82.8725,-76.455,180.0,top,U8,,TSSOP-20-1EP_4.4x6.5mm_P0.65mm_EP2.15x3.35mm,TPA6017A2,smt,True
107.01,-58.06,90.0,top,U9,,WDFN-10-1EP_3x3mm_P0.5mm_EP1.8x2.5mm_ThermalVias,RT6219,smt,True
62.0,-85.65,180.0,top,X1,,Oscillator_SMD_SeikoEpson_SG210-4Pin_2.5x2.0mm,SG-210SDF (11.2896MHz),smt,True
