﻿designator,quantity,value,pack,mpn,mount_type
"C1, C3",2,0.1uF,C_0805_2012Metric,,smt
"C10, C6",2,10uF,C_0805_2012Metric,,smt
"C11, C13, C19, C25, C29, C38, C40, C44, C8, C9",10,100nF,C_0603_1608Metric,,smt
"C12, C20, C22, C23, C26, C30, C32, C39, C41",9,10nF,C_0603_1608Metric,,smt
C14,1,4u7F,C_0603_1608Metric,,smt
"C15, C16, C42, C43",4,1uF,C_0603_1608Metric,,smt
"C17, C18, C45, C46",4,100uF 10V,C_1210_3225Metric,,smt
"C2, C4, C5, C7",4,47uF/16V,CP_Elec_6.3x7.7,,smt
"C21, C47",2,10uF 25V,C_0805_2012Metric,,smt
C24,1,100uF,CP_Elec_6.3x7.7,,smt
"C27, C28",2,220uF,CP_Elec_6.3x7.7,,smt
C31,1,120pF,C_0603_1608Metric,,smt
"C48, C50",2,0.1uF,C_0603_1608Metric,,smt
"C49, C52, C53",3,22uF 25V,C_0805_2012Metric,,smt
C51,1,0.1uF 50V,C_0603_1608Metric,,smt
C54,1,10uF,C_1210_3225Metric,,smt
C55,1,22uF,C_1210_3225Metric,,smt
"D1, D3, D4",3,LED,LED_0805_2012Metric,,smt
D2,1,STPS2150A,D_SMA,,smt
D5,1,D,D_SMA,,smt
D6,1,D,D_SOD-123,,smt
F2,1,Polyfuse,Fuse_0805_2012Metric,,smt
"FID1, FID2, FID3",3,"FIDUCIAL""""",Fiducial_1mm_Mask2mm,,smt
"H1, H2, H3, H4, H5, H6",6,MountingHole,MountingHole_2.5mm,,tht
"IC1, IC2, IC3, IC4, IC5, IC6",6,TB6612FNG,SSOP-24_5.3x8.2mm_P0.65mm,,smt
IC7,1,SGTL5000,QFN-32-1EP_5x5mm_P0.5mm_EP3.6x3.6mm_ThermalVias,,smt
J1,1,PJ-037A,CUI_PJ-037A,,tht
"J10, J12, J13, J14, J15, J16, J17, J18, J19, J20, J21, J22, J28, J29, J3, J30, J5, J6, J7, J8, J9",21,Conn_01x02_Pin,JST_XH_B2B-XH-A_1x02_P2.50mm_Vertical,,tht
"J11, J27, J32",3,Conn_01x03_Male,PinHeader_1x03_P2.54mm_Vertical,,tht
"J2, J24",2,Conn_01x03_Socket,JST_XH_B3B-XH-A_1x03_P2.50mm_Vertical,,tht
"J23, J31, J33",3,Conn_01x02_Pin,PinHeader_1x02_P2.54mm_Vertical,,tht
J25,1,Conn_02x05_Odd_Even,PinHeader_2x05_P2.54mm_Vertical,,tht
J26,1,Micro_SD_Card_Det,microSD_HC_Hirose_DM3AT-SF-PEJM5,,smt
J34,1,USB_C_Receptacle,USB_C_Receptacle_G-Switch_GT-USB-7010ASV,,smt
J4,1,Conn_01x04_Pin,JST_XH_B4B-XH-A_1x04_P2.50mm_Vertical,,tht
"L1, L4",2,15uH,L_0805_2012Metric,,smt
L2,1,220uH,L_12x12mm_H4.5mm,,smt
L3,1,2.2uH 6x6,L_Coilcraft_XAL6060-XXX,,smt
LINEOUT1,1,Phonejack_Stereo_SW,StereoJack_3.5mm_Switch_Cliff_JY039-5P_Horizontal,,tht
Q1,1,FDN340P,SOT-23,,smt
Q12,1,PMOS,TO-252-3_TabPin2,,smt
Q2,1,FDN337N,SOT-23,,smt
Q3,1,N0400P-ZK-E1-AY,TO-252-3_TabPin2,,smt
"R1, R5",2,6.8k,R_0603_1608Metric,,smt
"R10, R16, R17, R18, R19, R28, R9",7,10k,R_0603_1608Metric,,smt
R11,1,348k,R_0603_1608Metric,,smt
R12,1,649k,R_0603_1608Metric,,smt
"R13, R15, R7",3,1K,R_0603_1608Metric,,smt
"R14, R2, R33, R34, R35, R36, R37, R38",8,22k,R_0603_1608Metric,,smt
"R20, R21, R22",3,120R,R_0603_1608Metric,,smt
"R23, R24",2,2k2,R_0603_1608Metric,,smt
R25,1,1M,R_0603_1608Metric,,smt
"R26, R27",2,5.1k,R_0603_1608Metric,,smt
R29,1,0R,R_0603_1608Metric,,smt
R3,1,3k,R_0603_1608Metric,,smt
R30,1,0R33,R_1210_3225Metric,,smt
R31,1,6k2,R_0603_1608Metric,,smt
R32,1,3k9,R_0603_1608Metric,,smt
R4,1,13k,R_0603_1608Metric,,smt
R45,1,1k,R_0603_1608Metric,,smt
R6,1,R,R_0603_1608Metric,,smt
R8,1,100k,R_0603_1608Metric,,smt
"SW1, SW2",2,SW_Push_Dual,SW_PUSH_6mm,,tht
U1,1,SN74LVC1T45DBV,SOT-23-6,,smt
U10,1,AZ1084-1.8,TO-252-2,,smt
U11,1,USBLC6-4SC6,SOT-23-6,,smt
U12,1,STMPS2151STR,SOT-23-5,,smt
"U2, U3, U4",3,PCA9685,TSSOP-28_4.4x9.7mm_P0.65mm,,smt
U5,1,FM6124,SSOP-24_3.9x8.7mm_P0.635mm,,smt
U6,1,ESP32-S3-WROOM-1-N16R2,XCVR_ESP32-S3-WROOM-1-N16R2,,smt
U7,1,MC33063ADR,SOIC-8_3.9x4.9mm_P1.27mm,,smt
U8,1,TPA6017A2,TSSOP-20-1EP_4.4x6.5mm_P0.65mm_EP2.15x3.35mm,,smt
U9,1,RT6219,WDFN-10-1EP_3x3mm_P0.5mm_EP1.8x2.5mm_ThermalVias,,smt
X1,1,SG-210SDF (11.2896MHz),Oscillator_SMD_SeikoEpson_SG210-4Pin_2.5x2.0mm,,smt
